{
  "正常食物": {
    "precision": 0.9509803921568627,
    "recall": 0.9667774086378738,
    "f1-score": 0.9588138385502472,
    "support": 301.0
  },
  "黑暗料理": {
    "precision": 0.963265306122449,
    "recall": 0.9365079365079365,
    "f1-score": 0.9496981891348089,
    "support": 252.0
  },
  "micro avg": {
    "precision": 0.956442831215971,
    "recall": 0.9529837251356239,
    "f1-score": 0.9547101449275363,
    "support": 553.0
  },
  "macro avg": {
    "precision": 0.9571228491396558,
    "recall": 0.9516426725729051,
    "f1-score": 0.954256013842528,
    "support": 553.0
  },
  "weighted avg": {
    "precision": 0.9565785807994084,
    "recall": 0.9529837251356239,
    "f1-score": 0.954659871728022,
    "support": 553.0
  }
}